{"cameraMode":{"drawMode":0,"name":"Shaded","section":"Shading Mode"},"sceneLighting":true,"audioPlay":false,"sceneViewState":{"showFog":true,"showMaterialUpdate":false,"showSkybox":false,"showFlares":true,"showImageEffects":true,"showParticleSystems":true},"in2DMode":false,"pivot":{"x":210.05674743652345,"y":-15.712118148803711,"z":-151.35955810546876},"rotation":{"x":-0.10689056664705277,"y":0.020835263654589654,"z":-0.0022393865510821344,"w":-0.9940499663352966},"size":813.2695922851563,"orthographic":false}